name_spec,Z,rAGN_Cont_5100,rAGN_stars_5100,rAGN_Cont_6200,rAGN_stars_6200,agn_slope,stars_Cont_5100,stars_Cont_6200,PLATE,MJD,FIBERID
spec-0991-52707-0061.fits,0.12636454,0.7363421110136283,2.79279377470738,0.6873255771091387,2.1982149059536256,-1.2180383205981538,0.26365788898637166,0.3126744228908612,0991,52707,0061
spec-0392-51793-0297.fits,0.091724776,0.6009623166611077,1.506028983610367,0.5172623545758421,1.0715185763508233,-1.0798322487828258,0.39903768333889245,0.48273764542415787,0392,51793,0297
spec-2285-53700-0330.fits,0.11503493,0.3115464638146784,0.4525308498536272,0.3098576575823032,0.4489764481002779,-0.0041513011156274,0.6884535361853215,0.6901423424176967,2285,53700,0330
spec-1315-52791-0403.fits,0.023108274,0.4529167900985738,0.8278755076036434,0.3681978054848832,0.5827738628978022,-1.7020563729053162,0.5470832099014262,0.6318021945151167,1315,52791,0403
spec-2759-54534-0158.fits,0.04994078,0.273929902981024,0.3772774889169756,0.2395570688842226,0.3150230728461463,-0.0055124324517939,0.7260700970189756,0.7604429311157775,2759,54534,0158
spec-1172-52759-0391.fits,0.070516,0.3965059306726839,0.6570171122222442,0.346711283421598,0.5307167790031604,-1.1303855720464138,0.6034940693273159,0.6532887165784019,1172,52759,0391
spec-0456-51910-0306.fits,0.08221846,0.4362407468654246,0.7738068057240195,0.3491479289571293,0.5364474425005423,-2.997218032915878,0.5637592531345752,0.6508520710428708,0456,51910,0306
spec-2015-53819-0251.fits,0.0010636672,0.3338028651113425,0.5010571910777303,0.3400015359750872,0.5151550412733282,-0.518951532722573,0.6661971348886575,0.6599984640249128,2015,53819,0251
spec-1724-53859-0627.fits,0.04175024,0.3238339676810305,0.4789267017309552,0.3659502584088594,0.5771633271082351,-0.0068053376364963,0.6761660323189694,0.6340497415911406,1724,53859,0627
spec-2117-54115-0468.fits,0.13715185,0.7814331033227647,3.575258262813386,0.6901700291671905,2.227576716713504,-1.2986683723669654,0.2185668966772352,0.3098299708328095,2117,54115,0468
spec-2878-54465-0203.fits,0.09239089,0.2850832452103699,0.3987642523418799,0.2962704548074095,0.4210004494359105,-0.0025508690881814,0.7149167547896299,0.7037295451925906,2878,54465,0203
spec-2794-54537-0182.fits,0.12542889,1.0,1.0,1.0,1.0,-0.8684728539252418,1.0,1.0,2794,54537,0182
spec-1233-52734-0185.fits,0.1248446,0.514935119973309,1.0615798858597525,0.4321835095015208,0.7611323671176089,-1.5827979391407565,0.48506488002669085,0.5678164904984793,1233,52734,0185
spec-2033-53476-0444.fits,0.106720135,0.4463634254605579,0.8062390492027696,0.4583601160645893,0.8462451338226189,-0.7164950391062019,0.5536365745394419,0.5416398839354106,2033,53476,0444
spec-2172-54230-0362.fits,0.08809436,0.4930364568097525,0.9725284262200512,0.4540161041013333,0.8315558526759141,-0.6148215399378072,0.5069635431902476,0.5459838958986667,2172,54230,0362
spec-1757-53083-0290.fits,0.095944665,0.3867220535506267,0.6305820318333444,0.3740057914411879,0.597458868353173,0.0,0.6132779464493732,0.6259942085588119,1757,53083,0290
spec-0725-52258-0091.fits,0.10602841,0.5602399857711888,1.2739675451249437,0.4671176831073266,0.8765869466849052,-0.9703836930932466,0.4397600142288111,0.5328823168926733,0725,52258,0091
spec-1790-53876-0123.fits,0.05607351,0.2046300605673205,0.25727658341385,0.181403612785898,0.2216032413766961,-0.004397997593549,0.7953699394326791,0.8185963872141019,1790,53876,0123
spec-2140-53858-0446.fits,0.07328255,0.2392560364407793,0.3145027077459738,0.247474979148394,0.3288594695075193,-0.3300429232246612,0.7607439635592207,0.7525250208516058,2140,53858,0446
spec-2122-54178-0216.fits,0.061177712,0.1629998727587164,0.1947429486014022,0.1581838233071973,0.1879077970782712,0.0,0.8370001272412837,0.8418161766928028,2122,54178,0216
spec-1790-53876-0154.fits,0.104296036,0.6437912335899999,1.807342475252249,0.5823025007848751,1.3940770578685568,-1.3307621996602523,0.3562087664100002,0.4176974992151249,1790,53876,0154
spec-1305-52757-0179.fits,0.01317231,0.2652667675252828,0.3610382051616413,0.2340068021945745,0.3054946217081368,-0.2279720614872779,0.734733232474717,0.7659931978054256,1305,52757,0179
spec-2108-53473-0358.fits,0.06426459,0.1944411509451114,0.2413742350086986,0.1910708374686552,0.2362021871862625,0.0,0.8055588490548885,0.8089291625313444,2108,53473,0358
spec-1830-54560-0156.fits,0.09305653,0.6600004811373267,1.941180632681726,0.6239857707789579,1.659473823827407,-1.1224531429537885,0.3399995188626733,0.37601422922104216,1830,54560,0156
spec-1804-53886-0253.fits,0.038878135,0.6554358029067117,1.90221679569702,0.5527077331648207,1.235674690008637,-1.7087888956142556,0.3445641970932885,0.44729226683517925,1804,53886,0253
spec-2603-54479-0259.fits,0.067389965,0.3882653951907098,0.6346958176605891,0.4611044862046117,0.8556472904313085,-0.09993259497662,0.6117346048092902,0.5388955137953881,2603,54479,0259
spec-1762-53415-0033.fits,0.13971429,0.4769015586841042,0.9116860633046818,0.4158051588608331,0.7117576698384092,-1.3255065511190995,0.5230984413158959,0.584194841139167,1762,53415,0033
spec-2371-53762-0144.fits,0.11980208,0.514469912925245,1.0596045983985218,0.4715458331508163,0.8923116946211749,-0.4912698569768426,0.4855300870747549,0.5284541668491838,2371,53762,0144
spec-6449-56356-0718.fits,0.03155143,0.23811506580383,0.3125341572150319,0.2109829835410919,0.2673997887751257,-1.372165640933097,0.7618849341961699,0.7890170164589081,6449,56356,0718
spec-1643-53143-0122.fits,0.057430513,0.2844678694425671,0.397561279632479,0.2931842002887176,0.4147957649057596,-0.4972314534536294,0.7155321305574329,0.7068157997112825,1643,53143,0122
spec-0836-52376-0453.fits,0.10110928,0.7350538937079697,2.774352505100695,0.6510142051295013,1.865446143362594,-0.9802168822677926,0.26494610629203047,0.34898579487049874,0836,52376,0453
spec-0972-52435-0433.fits,0.10001621,0.2793741111297912,0.3876825901547773,0.2597970449428937,0.3509808264989303,-0.0035214066358952,0.7206258888702087,0.7402029550571062,0972,52435,0433
spec-0900-52637-0567.fits,0.1142786,0.582863017061082,1.3972940326569696,0.5490354328448126,1.2174691158293969,-0.9450745613719016,0.4171369829389178,0.45096456715518735,0900,52637,0567
spec-2233-53845-0415.fits,0.027858812,0.175857441286962,0.2133823079851342,0.1602579919731892,0.1908419376919781,-0.2450271866725184,0.824142558713038,0.8397420080268109,2233,53845,0415
spec-0965-52438-0459.fits,0.042548038,0.5384444840772781,1.1665866087654548,0.5092309570906757,1.037618334832017,-0.0078193017011876,0.4615555159227219,0.4907690429093242,0965,52438,0459
spec-1319-52791-0129.fits,0.10629454,0.4915175750189172,0.9666363100695232,0.411003018018693,0.6978015687552996,-1.7351870523579913,0.508482424981083,0.588996981981307,1319,52791,0129
spec-0305-51613-0594.fits,0.052384146,0.4475287328035714,0.8100488828579292,0.3639458185120034,0.5721931072924982,-2.0065353458195725,0.5524712671964285,0.6360541814879968,0305,51613,0594
spec-0277-51908-0329.fits,0.12567803,0.3273834052459841,0.4867310854346556,0.3160820437146344,0.4621636861699078,-0.1882582467528169,0.672616594754016,0.6839179562853656,0277,51908,0329
spec-2578-54093-0425.fits,0.07941209,0.6981606948780303,2.313021144134664,0.603466623664413,1.5218558125954518,-1.0696580841030128,0.3018393051219697,0.39653337633558705,2578,54093,0425
spec-2225-53729-0085.fits,0.11115068,0.5383330011217853,1.1660634232679787,0.5260473073145866,1.1099152203018523,-0.9912563254722148,0.46166699887821483,0.4739526926854133,2225,53729,0085
spec-0962-52620-0349.fits,0.10075879,0.4189473704670525,0.7210144988136516,0.400749849440172,0.6687521881567918,-0.3984383343978887,0.5810526295329475,0.5992501505598281,0962,52620,0349
spec-0465-51910-0551.fits,0.13282372,0.5320142582760092,1.1368172378845276,0.5403935933861332,1.175774718562918,0.0,0.4679857417239909,0.45960640661386676,0465,51910,0551
spec-1735-53035-0387.fits,0.08595588,0.4495745781301268,0.8167765518584846,0.4000713175854807,0.6668647946207921,-0.4556020595585485,0.5504254218698732,0.5999286824145191,1735,53035,0387
spec-1338-52765-0485.fits,0.0750982,0.4638083063084772,0.8650046462213781,0.4074914592613278,0.6877393847408747,-0.2820281016819755,0.5361916936915228,0.592508540738672,1338,52765,0485
spec-1766-53468-0461.fits,0.026441667,0.333454178499839,0.5002719509205692,0.3166759096326039,0.4634344289871881,-1.395673672105876,0.666545821500161,0.6833240903673959,1766,53468,0461
spec-0854-52373-0067.fits,0.11790789,0.6414788871335048,1.7892360145952582,0.551391239832102,1.229113848837317,-0.8600128718881247,0.3585211128664953,0.448608760167898,0854,52373,0067
spec-1607-53083-0126.fits,0.10975871,0.4862498229825368,0.9464713487894492,0.4577706308654758,0.8442379865851668,-0.6434921998909372,0.5137501770174633,0.5422293691345241,1607,53083,0126
spec-0276-51909-0627.fits,0.14831373,0.6230895344672419,1.6531499956800428,0.5560729368938658,1.252622295660582,-0.5660851636136455,0.37691046553275803,0.44392706310613417,0276,51909,0627
spec-2507-53876-0546.fits,0.035592556,0.066463119487156,0.0711949585223072,0.0794703015757761,0.0863310566859652,0.0004263444506932,0.9335368805128442,0.9205296984242236,2507,53876,0546
spec-1400-53470-0623.fits,0.029865816,0.5029854232863794,1.0120134234537737,0.460274338955125,0.852793135801738,0.0,0.4970145767136206,0.5397256610448751,1400,53470,0623
spec-0794-52376-0576.fits,0.055072036,0.0457481708840688,0.0479414023512559,0.0496596335837874,0.0522545767166102,-0.1997613375158491,0.9542518291159323,0.9503403664162121,0794,52376,0576
spec-0294-51986-0328.fits,0.086015046,0.1391187859655876,0.1616004434730603,0.1411465367364373,0.1643429790689715,0.0,0.8608812140344125,0.8588534632635623,0294,51986,0328
spec-1436-53054-0495.fits,0.031383514,0.2295392911585158,0.2979247202672624,0.2268320329268842,0.2933800190734409,0.0,0.7704607088414839,0.7731679670731156,1436,53054,0495
spec-0751-52251-0509.fits,0.06786882,0.458113105713128,0.8454035529241006,0.4325045779959533,0.7621287524551505,-0.1983133262430526,0.5418868942868719,0.5674954220040467,0751,52251,0509
spec-0677-52606-0573.fits,0.07621739,0.2832718108211438,0.3952290632599279,0.2952872662373201,0.4190179233184702,-0.0030238583531809,0.7167281891788563,0.7047127337626798,0677,52606,0573
spec-2611-54477-0634.fits,0.048913635,0.1664596453392043,0.1997019633283911,0.1603140218185604,0.1909213991708693,-1.1190477307032245,0.8335403546607955,0.8396859781814391,2611,54477,0634
spec-2228-53818-0122.fits,0.1393769,0.4016009738199399,0.6711257141970965,0.4185932077285618,0.7199661464105077,0.0,0.5983990261800601,0.581406792271438,2228,53818,0122
spec-0929-52581-0413.fits,0.047887,0.3621891726746475,0.5678630044483267,0.33102402798335,0.4948219993394788,0.0,0.6378108273253523,0.66897597201665,0929,52581,0413
spec-0306-51637-0634.fits,0.14020525,0.5131454755225235,1.0540016570109196,0.5793548621116847,1.3773007457547466,-0.4400711594296293,0.48685452447747646,0.4206451378883152,0306,51637,0634
spec-1367-53083-0508.fits,0.05281783,0.1134796474866186,0.1280056878162938,0.1079398231993025,0.1210006073653238,-0.0029920584965789,0.8865203525133812,0.8920601768006973,1367,53083,0508
spec-0882-52370-0089.fits,0.061990578,0.0066849931008737,0.0067299829907358,0.0073199279704956,0.0073739044197092,-0.4403480856377816,0.9933150068991213,0.992680072029503,0882,52370,0089
spec-0778-54525-0248.fits,0.057961415,0.3816950611501124,0.6173249430290909,0.3744996987614437,0.5987202532435156,-0.0051491684699253,0.6183049388498877,0.6255003012385562,0778,54525,0248
spec-2641-54230-0010.fits,0.07572253,0.6033851193226143,1.5213375713288466,0.5205761312107824,1.085836907798301,-1.639121163877207,0.3966148806773857,0.47942386878921756,2641,54230,0010
spec-6378-56330-0666.fits,0.13531812,0.732865171241699,2.743428008426348,0.660800320413619,1.948115992383592,-0.9643220038002585,0.26713482875830097,0.339199679586381,6378,56330,0666
spec-0646-52523-0190.fits,0.06953399,0.364522890995781,0.5736208052670564,0.3223932434151088,0.4757822148054674,-0.5905926261351325,0.6354771090042188,0.6776067565848912,0646,52523,0190
spec-1307-52999-0386.fits,0.04172798,0.2030409539565034,0.2547696208036037,0.1694313985056992,0.2039944662016721,0.0,0.7969590460434967,0.8305686014943007,1307,52999,0386
spec-2370-53764-0544.fits,0.10913168,0.2850463799733519,0.3986921276973568,0.2753610219014579,0.3799975301135569,-0.6105732341915687,0.7149536200266482,0.7246389780985422,2370,53764,0544
spec-0975-52411-0324.fits,0.033676658,0.0631602834456005,0.0674184519822639,0.079513423108246,0.0863819474442988,0.0,0.9368397165543995,0.9204865768917538,0975,52411,0324
spec-1612-53149-0578.fits,0.05784497,0.2363246771442815,0.3094570036132101,0.246938507526559,0.3279128065830136,0.0,0.7636753228557186,0.753061492473441,1612,53149,0578
spec-2002-53471-0534.fits,0.09122871,0.6433101935235118,1.8035564287030352,0.5732347707307162,1.34320870449596,-1.220243034599355,0.3566898064764882,0.4267652292692839,2002,53471,0534
spec-2652-54508-0114.fits,0.13456953,0.0686123115980102,0.0736667581635425,0.0725090041819782,0.0781775828648636,0.0,0.931387688401989,0.927490995818021,2652,54508,0114
spec-1227-52733-0322.fits,0.14178106,0.7350942236823732,2.7749271227705568,0.7045289936938121,2.384426825837961,-0.8475899965600248,0.26490577631762696,0.295471006306188,1227,52733,0322
spec-1877-54464-0602.fits,0.08683638,0.7302955057080732,2.707761721306747,0.6865534693443501,2.1903367949495443,-0.0064121173925432,0.2697044942919267,0.3134465306556498,1877,54464,0602
spec-0308-51662-0492.fits,0.09536646,0.7435905326636459,2.9000120018509894,0.6635328206768124,1.9720580830841383,-0.6617735779280766,0.25640946733635406,0.33646717932318765,0308,51662,0492
spec-1955-53442-0136.fits,0.02291058,0.6548614210986856,1.8973869081321408,0.7628366144593195,3.216502466096186,-0.0357831124955859,0.3451385789013143,0.23716338554068056,1955,53442,0136
spec-1238-52761-0182.fits,0.032643013,0.1362954394902078,0.1578033111342621,0.1350997445618549,0.1562026877809343,-0.0025469055740179,0.8637045605097919,0.8649002554381451,1238,52761,0182
spec-0720-52206-0490.fits,0.07572534,0.5246151655969147,1.1035589014017353,0.4620929599419883,0.85905728226229,-0.6462799653003517,0.4753848344030853,0.5379070400580117,0720,52206,0490
spec-1834-54562-0189.fits,0.09248476,0.4454926087429867,0.8034024717562362,0.5158336773987964,1.065405942791433,0.0,0.5545073912570131,0.4841663226012035,1834,54562,0189
spec-2144-53770-0164.fits,0.05639803,0.2296098301263116,0.2980435616980393,0.2434330569708802,0.3217601022802164,-0.0051553211164021,0.7703901698736882,0.7565669430291196,2144,53770,0164
spec-0951-52398-0129.fits,0.027838474,0.3305479426241881,0.493758946562812,0.2828167275719281,0.3943437311559613,-0.7647762242783214,0.6694520573758119,0.7171832724280719,0951,52398,0129
spec-0628-52083-0310.fits,0.14088106,0.4859672156546039,0.9454012087448224,0.5764187271889033,1.3608220291787236,0.0,0.5140327843453959,0.4235812728110968,0628,52083,0310
spec-1333-52782-0359.fits,0.07263915,0.3652113390821534,0.5753274460732979,0.322194604331493,0.4753497189465694,-0.8130395913932987,0.6347886609178467,0.6778053956685068,1333,52782,0359
spec-2243-53794-0575.fits,0.07461706,0.2452214705728707,0.3248919530858831,0.2706409544160558,0.3710668374577757,-0.2675879842024855,0.7547785294271292,0.729359045583944,2243,53794,0575
spec-1838-53467-0153.fits,0.09561173,0.5408142021105039,1.177767702303049,0.4891152664238328,0.957388691182942,-1.3712464036141572,0.45918579788949593,0.5108847335761673,1838,53467,0153
spec-0387-51791-0160.fits,0.13954291,0.7229072695958066,2.6089001632821853,0.630473874890032,1.7061686090595305,-0.7275779616115654,0.27709273040419335,0.36952612510996796,0387,51791,0160
spec-1198-52669-0403.fits,0.08755858,0.6613487772939848,1.9528905639537728,0.5666845810219897,1.3077877135287157,-1.0269680013810374,0.3386512227060152,0.4333154189780104,1198,52669,0403
spec-1293-52765-0550.fits,0.14671972,0.4204474595849993,0.7254690994606444,0.4335691711455425,0.7654406311577131,0.0,0.5795525404150007,0.5664308288544575,1293,52765,0550
spec-1576-53496-0100.fits,0.13760136,0.2954823547244416,0.4194108645907221,0.2924878714657218,0.4134033321402647,0.0,0.7045176452755585,0.707512128534278,1576,53496,0100
spec-0914-52721-0610.fits,0.14723246,0.7773191633611062,3.490732184654178,0.7263652957886126,2.65450721202192,-0.7777981155951617,0.22268083663889388,0.27363470421138736,0914,52721,0610
spec-1601-53115-0310.fits,0.04752789,0.3182441671242736,0.4668007984352438,0.3406639681402666,0.5166773112329149,-0.667275407094927,0.6817558328757262,0.6593360318597334,1601,53115,0310
spec-0838-52378-0542.fits,0.10177561,0.734850992307803,2.7714642370484306,0.6521158918702493,1.874520498726056,-0.984292160095094,0.26514900769219696,0.3478841081297506,0838,52378,0542
spec-0587-52026-0495.fits,0.038810533,0.0460888675636359,0.0483156826631442,0.044083694776107,0.0461166888096776,-2.297836441561816,0.9539111324363644,0.9559163052238916,0587,52026,0495
spec-0796-52401-0546.fits,0.03113564,0.3003460472262782,0.4292779966947667,0.3263020857797838,0.4843448063179297,0.0,0.6996539527737219,0.6736979142202162,0796,52401,0546
spec-2017-53474-0352.fits,0.09608901,0.2325975442954118,0.3030972113346354,0.2338191751540077,0.3051749242106223,-0.588816195354246,0.7674024557045883,0.766180824845992,2017,53474,0352
spec-1350-52786-0560.fits,0.14449523,0.8250645578658637,4.716394504169282,0.74231533486074,2.8807121077987765,-1.2631431575024716,0.17493544213413628,0.25768466513926014,1350,52786,0560
spec-1235-52734-0275.fits,0.10874115,0.6647565461358295,1.982906865066384,0.5498995254693714,1.2217261624592035,-1.3088319863865236,0.3352434538641706,0.4501004745306286,1235,52734,0275
spec-1375-53084-0424.fits,0.06003489,0.4089614701493527,0.6919370726180836,0.3948968871225299,0.6526109000574488,-0.084273310925547,0.5910385298506473,0.6051031128774702,1375,53084,0424
spec-2511-53882-0630.fits,0.14195678,0.1954515744624478,0.2429332632549228,0.166434750370917,0.199666133449033,-0.9656342156147172,0.8045484255375521,0.8335652496290831,2511,53882,0630
spec-2751-54243-0054.fits,0.028676124,0.3758433198717008,0.6021618158351585,0.357023885422208,0.5552677266349878,0.0,0.6241566801282992,0.6429761145777919,2751,54243,0054
spec-1362-53050-0596.fits,0.05251595,0.2812332901441461,0.3912720028457446,0.2623952918714546,0.3557397193643265,-0.0065526875815445,0.7187667098558538,0.7376047081285451,1362,53050,0596
spec-2369-53733-0355.fits,0.027248185,0.3230318426752484,0.4771743532986963,0.3231702085679697,0.4774763354967119,0.0,0.6769681573247516,0.6768297914320304,2369,53733,0355
spec-1273-52993-0158.fits,0.12890013,0.4473865896706386,0.8095833023740651,0.4727912736659861,0.8967819576006952,-0.1300798244099366,0.5526134103293613,0.5272087263340138,1273,52993,0158
spec-0989-52468-0470.fits,0.119907275,0.6119072608152761,1.576703707729047,0.5547735538520784,1.246048069812459,-0.2471002768420578,0.38809273918472387,0.44522644614792156,0989,52468,0470
spec-2354-53799-0123.fits,0.060260486,0.3230537419681866,0.477222140066848,0.2574302386246582,0.3466748203533926,-1.7563514571867185,0.6769462580318132,0.7425697613753417,2354,53799,0123
spec-0419-51879-0529.fits,0.11456809,0.3024502049360336,0.4335894112165834,0.3338973932659638,0.5012702095598968,-0.0044611941784866,0.6975497950639663,0.6661026067340361,0419,51879,0529
spec-0393-51794-0090.fits,0.13760087,0.6768561546634184,2.094597079385545,0.5831593120080797,1.398998055629788,-1.6993541074699494,0.32314384533658175,0.4168406879919203,0393,51794,0090
spec-0282-51658-0080.fits,0.13485885,0.6078360792713416,1.5499541062878877,0.5401252921998809,1.1745053229468805,-1.397097450932674,0.39216392072865836,0.4598747078001189,0282,51658,0080
spec-1822-53172-0583.fits,0.13781053,0.7176506609482484,2.541711850144301,0.6000165739401764,1.500103591418397,-1.725910829048429,0.2823493390517517,0.3999834260598237,1822,53172,0583
spec-0269-51910-0276.fits,0.12274256,0.7514709376642639,3.023674296284541,0.7979202216013468,3.9485406601508064,0.0,0.24852906233573616,0.2020797783986532,0269,51910,0276
spec-0578-52339-0200.fits,0.052519314,0.7165506121319017,2.5279666945879766,0.6999380195865478,2.332644804323796,-0.0847121178781518,0.28344938786809826,0.3000619804134521,0578,52339,0200
spec-1014-52707-0302.fits,0.020686256,0.4088850848574711,0.6917184364378307,0.3634701069870629,0.5710181265276028,-0.1297602186941304,0.5911149151425289,0.6365298930129373,1014,52707,0302
spec-0345-51690-0601.fits,0.09730883,0.6129321088653883,1.5835261020197289,0.5103495481952925,1.0422732100303276,-0.8784081314592871,0.3870678911346116,0.48965045180470734,0345,51690,0601
spec-1936-53330-0449.fits,0.09376366,0.2090965709129048,0.2643768672924527,0.2230172765166331,0.2870299039813945,0.0,0.7909034290870954,0.7769827234833666,1936,53330,0449
spec-2521-54538-0486.fits,0.07429353,0.2425760468861691,0.3202645571069141,0.2778258585963341,0.3847075693631638,-0.2196388741679881,0.7574239531138308,0.722174141403666,2521,54538,0486
spec-0851-52376-0365.fits,0.055193946,0.3571583551617431,0.5555930578386943,0.3337185148435339,0.5008671594186128,-0.114862140823446,0.642841644838257,0.6662814851564662,0851,52376,0365
spec-1300-52973-0127.fits,0.083344966,0.166964132058463,0.2004285031220057,0.1704111592765195,0.2054164073951437,-0.2006467625684246,0.8330358679415366,0.8295888407234808,1300,52973,0127
spec-1768-53442-0620.fits,0.07113771,0.3556776418392333,0.5520181588211893,0.340169492024956,0.5155407152495924,-0.6993120684666414,0.6443223581607666,0.6598305079750438,1768,53442,0620
spec-1571-53174-0594.fits,0.034011886,0.2535383833371969,0.3396536106848841,0.2293983345096085,0.2976873069222154,-0.0067471528501989,0.7464616166628031,0.7706016654903913,1571,53174,0594
spec-0305-51613-0434.fits,0.05524007,0.1472780846076068,0.172715256813629,0.1623812637937835,0.1938605916687688,-0.0041198909367712,0.8527219153923931,0.8376187362062165,0305,51613,0434
spec-0300-51943-0309.fits,0.07327056,0.6195843442489969,1.6287035900923568,0.5448835475752326,1.197239837567296,-1.2000962494423186,0.3804156557510031,0.4551164524247675,0300,51943,0309
spec-0618-52049-0604.fits,0.06468927,0.1955644809082046,0.2431077149962202,0.1685379427831166,0.2027007021189354,-0.2504734988163371,0.8044355190917952,0.8314620572168828,0618,52049,0604
spec-0718-52206-0109.fits,0.07994686,0.3581662233462714,0.5580357973891784,0.2822094203533505,0.3931640068225405,-1.3098920718907867,0.6418337766537289,0.7177905796466493,0718,52206,0109
spec-2349-53734-0286.fits,0.03927471,0.0049569482924336,0.0049816420344096,0.005159685287144,0.0051864457147911,0.0,0.9950430517075628,0.9948403147128712,2349,53734,0286
spec-1441-53083-0619.fits,0.032978773,0.3887511560946757,0.6359949142985847,0.3459081018109712,0.5288371599903319,-0.2836439319915545,0.6112488439053243,0.6540918981890287,1441,53083,0619
spec-0533-51994-0050.fits,0.13829443,0.3139984403418329,0.4577226333104804,0.3061385420340743,0.4412098964705836,-0.2162818461246263,0.6860015596581671,0.6938614579659258,0533,51994,0050
spec-0899-52620-0367.fits,0.10577729,0.6026999013939286,1.5169890556496286,0.4997371669656371,0.9989492202218232,-1.291183249817745,0.3973000986060714,0.500262833034363,0899,52620,0367
spec-0518-52282-0218.fits,0.070957154,0.5741229399493798,1.3480954806092138,0.5005650552853009,1.0022627783309142,-0.5297340529778156,0.42587706005062015,0.4994349447146992,0518,52282,0218
spec-1432-53003-0059.fits,0.035974573,0.1659183333353655,0.1989233668195197,0.1747164420155313,0.2117047411464598,-0.139736621576878,0.8340816666646348,0.8252835579844687,1432,53003,0059
spec-1728-53228-0253.fits,0.04663858,0.3894222795064574,0.6377931366242439,0.4028595917689204,0.6746480161379784,-0.0080033656963545,0.6105777204935426,0.5971404082310796,1728,53228,0253
spec-0303-51615-0146.fits,0.1345134,0.8023547738512341,4.059570724199067,0.7448804228221383,2.919730547776936,-0.8283942728805473,0.19764522614876595,0.25511957717786166,0303,51615,0146
spec-1234-52724-0368.fits,0.12517811,0.6761484860389407,2.0878348776848474,0.6282033023144074,1.6896419635379418,-0.6528733130827474,0.3238515139610592,0.37179669768559265,1234,52724,0368
spec-1938-53379-0198.fits,0.1449299,0.6617027937833805,1.9559806632268697,0.6020493916714045,1.5128746610038617,-0.963179731855572,0.33829720621661946,0.3979506083285955,1938,53379,0198
spec-1318-52781-0161.fits,0.07183636,0.7280475967981993,2.677114039907769,0.6607279008681357,1.947486700376537,-1.0876951553348515,0.27195240320180075,0.33927209913186424,1318,52781,0161
spec-0593-52026-0547.fits,0.039516542,0.7490839898847343,2.9853973428822687,0.6833337109679924,2.157898502732394,-0.8663095465754354,0.2509160101152656,0.3166662890320075,0593,52026,0547
spec-2245-54208-0398.fits,0.024801215,0.3423131908947052,0.5204805481204372,0.326432267167378,0.4846316877362869,-0.0071211377141606,0.6576868091052948,0.6735677328326221,2245,54208,0398
spec-0995-52731-0125.fits,0.07857986,0.7249965586129894,2.636318130989155,0.650586016057798,1.8619346848047555,-1.5315441959211695,0.2750034413870106,0.3494139839422021,0995,52731,0125
spec-0388-51793-0515.fits,0.11379708,0.5427160189075864,1.186824908257408,0.579712402923723,1.3793231276784794,-0.0027879273919933,0.4572839810924138,0.420287597076277,0388,51793,0515
spec-1618-53116-0173.fits,0.102507964,0.3531321228828599,0.5459107421698601,0.3801254030433308,0.6132295224059693,0.0,0.6468678771171402,0.6198745969566689,1618,53116,0173
spec-2230-53799-0180.fits,0.13090152,0.6686921261142398,2.018340579327175,0.5907752529089613,1.4436449826372149,-0.6106062430327881,0.33130787388576016,0.40922474709103873,2230,53799,0180
spec-1427-52996-0200.fits,0.022302406,0.1119433153138148,0.1260542454599872,0.0987012906002587,0.1095100764828489,-0.0048301949309181,0.8880566846861848,0.9012987093997415,1427,52996,0200
spec-0792-52353-0271.fits,0.07421122,0.2777142176186803,0.3844935403588843,0.229564324779115,0.2979668934895813,-0.5201313642465201,0.7222857823813199,0.7704356752208847,0792,52353,0271
spec-1669-53433-0626.fits,0.031873256,0.0820864495186368,0.0894272118279437,0.0832124881921233,0.0907652941607275,0.0,0.9179135504813637,0.9167875118078761,1669,53433,0626
spec-1951-53389-0349.fits,0.14329669,0.4374266236177598,0.7775459024220701,0.4220902008350113,0.7303738428468971,-1.253442598075719,0.5625733763822401,0.5779097991649886,1951,53389,0349
spec-0275-51910-0281.fits,0.13464276,0.7293875762902468,2.6953218418107623,0.6773423939276519,2.0992605820542,-0.7781993976150804,0.27061242370975336,0.32265760607234795,0275,51910,0281
spec-2127-53859-0422.fits,0.035756823,0.3456547513567277,0.5282452223400607,0.3119261675709655,0.4533324083402583,-0.1086391035725431,0.6543452486432724,0.6880738324290344,2127,53859,0422
spec-0913-52433-0006.fits,0.10106896,0.7039524677957096,2.377835959497005,0.6442390670266396,1.810876370382356,-0.9142419626767394,0.29604753220429053,0.3557609329733604,0913,52433,0006
spec-0412-52258-0250.fits,0.10900824,0.1899178881807832,0.2344427625420354,0.1645535894707122,0.1969648650072734,-0.7624675780249746,0.8100821118192167,0.8354464105292874,0412,52258,0250
spec-0312-51689-0574.fits,0.052442085,0.2907684805984519,0.4099768166589711,0.2782328184169925,0.3854883202181091,-1.0401976740685248,0.7092315194015478,0.7217671815830076,0312,51689,0574
spec-0928-52578-0431.fits,0.14901753,0.590672779317072,1.4430332249381903,0.5551397073619327,1.2478967364560618,-0.6659935797323482,0.40932722068292804,0.44486029263806726,0928,52578,0431
spec-0925-52411-0489.fits,0.08356585,0.4861052228518816,0.9459236490970854,0.4845777549285339,0.940156851129591,-0.0061645932818239,0.5138947771481184,0.5154222450714661,0925,52411,0489
spec-0660-52177-0100.fits,0.12534043,0.2499993889191931,0.3333322469683396,0.2677962288254655,0.3657400294400167,0.0,0.7500006110808068,0.7322037711745345,0660,52177,0100
spec-1820-54208-0211.fits,0.037463475,0.2826049795698194,0.3939321733796778,0.2700042016316105,0.3698708982094085,-0.0066839538923819,0.7173950204301806,0.7299957983683895,1820,54208,0211
spec-1814-54555-0106.fits,0.1295047,0.5227309548640355,1.09525426002669,0.5022894448038521,1.009199904562803,0.0,0.4772690451359644,0.49771055519614776,1814,54555,0106
spec-2581-54085-0103.fits,0.045290504,0.3040839733259671,0.436954979725449,0.3203231397049377,0.4712873990823795,0.0,0.695916026674033,0.6796768602950622,2581,54085,0103
spec-1800-53884-0223.fits,0.11926716,0.5200370692533538,1.08349423661608,0.457225356432049,0.8423852548204163,-0.9336137723164802,0.4799629307466461,0.5427746435679509,1800,53884,0223
spec-0950-52378-0182.fits,0.11718105,0.5698228383392692,1.3246236414304882,0.4582528041396728,0.8458794205883055,-2.2746819608626487,0.4301771616607309,0.5417471958603272,0950,52378,0182
spec-0803-52318-0418.fits,0.08234278,0.3534972679086769,0.5467838732331034,0.3344704703812148,0.5025629299616492,-0.0023247205421654,0.6465027320913229,0.6655295296187851,0803,52318,0418
spec-2109-53468-0274.fits,0.14197154,0.3918582010589281,0.644353342824407,0.3526502304233592,0.5447599535780917,-0.3743948640480097,0.6081417989410719,0.6473497695766408,2109,53468,0274
spec-2107-53786-0243.fits,0.07556929,0.6403836470401181,1.7807411753368128,0.5567966157395562,1.2563004604954922,-0.871858143045107,0.3596163529598818,0.44320338426044387,2107,53786,0243
spec-0820-52438-0406.fits,0.06263614,0.5451143524774613,1.198354697375788,0.474103052707454,0.9015132244981828,-0.7135258868253723,0.4548856475225388,0.525896947292546,0820,52438,0406
spec-0290-51941-0021.fits,0.08082828,0.2811440669889882,0.3910993205709294,0.2898787059537533,0.4082101302751174,-0.0051203309020383,0.7188559330110117,0.7101212940462467,0290,51941,0021
spec-0305-51613-0012.fits,0.10309408,0.427494632374754,0.7467085141018033,0.43071261589119,0.7565820496188378,-0.0042579805663223,0.5725053676252458,0.5692873841088099,0305,51613,0012
spec-1931-53358-0133.fits,0.12661259,0.4892313148104452,0.9578334165668032,0.4549309838580171,0.8346300567183845,-1.0977392989333767,0.5107686851895548,0.5450690161419828,1931,53358,0133
spec-0985-52431-0469.fits,0.05436849,0.5369867644529467,1.1597654736985936,0.4487621897987182,0.8140990721134588,-0.7407463209158827,0.4630132355470532,0.5512378102012815,0985,52431,0469
spec-0498-51984-0223.fits,0.14611164,0.6560775848254645,1.9076325237263607,0.590848871186035,1.4440846659735975,-0.9319213518465966,0.3439224151745356,0.409151128813965,0498,51984,0223
spec-1193-52652-0515.fits,0.14184561,0.673888117810686,2.0664322725275044,0.6660218170970698,1.9942075596316629,0.0,0.32611188218931403,0.3339781829029303,1193,52652,0515
spec-1445-53062-0363.fits,0.09443832,0.3938293871419927,0.6497005608456401,0.3521168563871841,0.5434882198410986,-0.0030204442953099,0.6061706128580073,0.6478831436128157,1445,53062,0363
spec-0554-52000-0058.fits,0.076012105,0.7304291461873402,2.7095998541999555,0.6477459025864718,1.8388598098436075,-0.9565809512467248,0.2695708538126597,0.35225409741352803,0554,52000,0058
spec-0590-52057-0433.fits,0.12844647,0.1637016396328458,0.1957454987248534,0.1936324926008706,0.2401293341114598,-0.2222367379465665,0.8362983603671544,0.8063675073991294,0590,52057,0433
spec-1338-52765-0506.fits,0.12452317,0.2220077877242638,0.2853599100624155,0.2332298567984096,0.3041718028098696,-0.002601748079842,0.7779922122757363,0.7667701432015903,1338,52765,0506
spec-0442-51882-0431.fits,0.11199412,0.535793789692738,1.15421504020399,0.5018503167720006,1.007428758199787,-0.0583002356268848,0.4642062103072619,0.4981496832279994,0442,51882,0431
spec-2761-54534-0153.fits,0.09354986,0.3771439480440873,0.6055073991169673,0.3185251987389862,0.4674056885883106,-0.8299820999167529,0.6228560519559126,0.6814748012610137,2761,54534,0153
spec-1609-53142-0636.fits,0.08429918,0.3494631050351099,0.5371918299176109,0.3423394960543211,0.5205413644280477,-0.0031437783495549,0.65053689496489,0.6576605039456789,1609,53142,0636
spec-0406-51900-0044.fits,0.10645237,0.696775534191242,2.2978869212707083,0.5860741040078131,1.4158913701279412,-1.5142396266459086,0.303224465808758,0.4139258959921869,0406,51900,0044
spec-1651-53442-0125.fits,0.07743099,0.3934167212420425,0.6485782497130556,0.3407811291232518,0.5169468657200599,0.0,0.6065832787579575,0.6592188708767481,1651,53442,0125
spec-1403-53227-0091.fits,0.12756737,0.9242242824265832,12.1968397268047,0.8865497216218948,7.814434078929428,-1.0013597537423,0.0757757175734168,0.11345027837810509,1403,53227,0091
spec-0275-51910-0312.fits,0.114463374,0.6527502704702304,1.8797718614616523,0.6009246299963539,1.5057923268751554,-0.742310018983703,0.3472497295297696,0.3990753700036461,0275,51910,0312
spec-2118-53820-0231.fits,0.14841725,0.6567215206753867,1.9130867800610751,0.5831963166362227,1.3992110432652336,-1.7071625460220738,0.34327847932461325,0.41680368336377716,2118,53820,0231
spec-1574-53476-0569.fits,0.0471607,0.3014265759638335,0.431488753497482,0.258514175451369,0.3486434492645032,0.0,0.6985734240361666,0.7414858245486312,1574,53476,0569
spec-1819-54540-0496.fits,0.03842279,0.4615384545507792,0.8571428330424837,0.393173162275504,0.647916568340716,-0.8991179765406825,0.5384615454492208,0.606826837724496,1819,54540,0496
spec-0753-52233-0375.fits,0.08283706,0.3184319754148462,0.4672049801759178,0.2947581896133143,0.4179533675856479,-0.2734322978136313,0.6815680245851538,0.7052418103866859,0753,52233,0375
spec-1322-52791-0326.fits,0.14311197,0.5551248581613348,1.2478217053598644,0.4916841845871806,0.9672809101716976,-1.3811062374912029,0.4448751418386653,0.5083158154128194,1322,52791,0326
spec-0667-52163-0319.fits,0.12172225,0.8362222420889143,5.1058352046979145,0.7778301918524626,3.5010616354132384,-1.1848267722468118,0.16377775791108581,0.22216980814753737,0667,52163,0319
spec-0398-51789-0142.fits,0.09009204,0.4690950605267011,0.8835763724332303,0.4071486177549147,0.6867633777171477,-1.0772168295425657,0.5309049394732989,0.5928513822450854,0398,51789,0142
spec-0773-52376-0353.fits,0.080341525,0.6759898618642836,2.086323180360287,0.5713441801563782,1.3328739601968094,-1.7033825206211235,0.32401013813571633,0.4286558198436218,0773,52376,0353
spec-1059-52618-0628.fits,0.06183716,0.4072349840806755,0.6870091404586205,0.3456552581669362,0.5282464060131772,-1.475126057347418,0.5927650159193243,0.6543447418330638,1059,52618,0628
spec-2651-54507-0405.fits,0.0358346,0.1317821380551855,0.1517846428084221,0.1179082593508888,0.1336689302454219,-0.0026516106741477,0.8682178619448138,0.882091740649111,2651,54507,0405
spec-0835-52326-0058.fits,0.074529454,0.5008401643391434,1.0033663138703095,0.4382613842422854,0.7801873895586227,-0.5733820729388991,0.4991598356608568,0.5617386157577144,0835,52326,0058
spec-1161-52703-0386.fits,0.12832965,0.2148233567821577,0.2735987610402674,0.1947650048563054,0.2418734978371742,0.0,0.7851766432178421,0.8052349951436946,1161,52703,0386
spec-0879-52365-0200.fits,0.026415812,0.2655895035174292,0.3616363121026447,0.2455717386909932,0.3255070777238677,-0.0066420962550787,0.7344104964825708,0.7544282613090065,0879,52365,0200
spec-2752-54533-0313.fits,0.085606925,0.5172137514820659,1.0713100322758111,0.4882791370218499,0.9541904040810992,-1.1370192993654262,0.4827862485179343,0.5117208629781501,2752,54533,0313
spec-1762-53415-0152.fits,0.06770358,0.5532998389934206,1.2386381006593623,0.5170745296319659,1.0707128974537352,-0.560135716949991,0.4467001610065792,0.48292547036803424,1762,53415,0152
spec-0486-51910-0059.fits,0.07416076,0.5080082550558442,1.0325544285575494,0.4557313889062152,0.8373280759115588,-0.6209722178076252,0.49199174494415565,0.5442686110937847,0486,51910,0059
spec-2649-54212-0260.fits,0.023218025,0.2301073619912964,0.2988824033782942,0.2187487063322649,0.2799978804582925,0.0,0.7698926380087037,0.7812512936677353,2649,54212,0260
spec-2435-53828-0453.fits,0.12829435,0.7788186724877099,3.521177312964784,0.701890428959618,2.354471298959199,-1.2336065314549252,0.2211813275122902,0.29810957104038205,2435,53828,0453
spec-1808-54176-0521.fits,0.13249856,0.6786789956192106,2.112152602432816,0.6039109355488826,1.5246846978362192,-0.7831296820256332,0.3213210043807894,0.39608906445111736,1808,54176,0521
spec-0971-52644-0368.fits,0.031174006,0.2477394674035169,0.3293266849297885,0.2637433504513297,0.3582220284366952,0.0,0.7522605325964832,0.7362566495486702,0971,52644,0368
spec-0449-51900-0614.fits,0.09439446,0.2848309185387168,0.3982707389373301,0.2977634895024619,0.4240216580187422,0.0,0.7151690814612829,0.702236510497538,0449,51900,0614
spec-1044-52468-0330.fits,0.075340375,0.2052570456444165,0.2582684684645603,0.2188560154426667,0.2801737192749302,-0.0988440227557342,0.7947429543555834,0.7811439845573334,1044,52468,0330
spec-2156-54525-0504.fits,0.039776497,0.4678317062184624,0.879104808920679,0.4065795653027238,0.6851458789250048,-0.4612284152265194,0.5321682937815376,0.5934204346972763,2156,54525,0504
spec-1718-53850-0494.fits,0.112806484,0.7783467300056514,3.511550856098339,0.6985613531417887,2.3174246581274405,-0.9424641757998676,0.22165326999434867,0.30143864685821137,1718,53850,0494
spec-8368-57431-0380.fits,0.05300008,0.3050321409278587,0.4389154648606488,0.2778032961501974,0.3846643091408695,0.0,0.6949678590721411,0.7221967038498024,8368,57431,0380
spec-2124-53770-0568.fits,0.06808099,0.4465551805866375,0.8068648669617594,0.3938901733749542,0.6498660078953384,-0.400885401821524,0.5534448194133623,0.6061098266250458,2124,53770,0568
spec-2232-53827-0261.fits,0.002898791,0.102116162553871,0.1137298148102569,0.0821980994698299,0.0895597398767076,0.0,0.8978838374461284,0.9178019005301701,2232,53827,0261
spec-0340-51990-0329.fits,0.11131573,0.1239026486135933,0.1414256628187722,0.1212573055030113,0.1379895460438754,-0.0998591353583215,0.8760973513864064,0.8787426944969883,0340,51990,0329
spec-2882-54498-0327.fits,0.058385335,0.1054681601574456,0.1179031929998254,0.1099877949609258,0.1235800973719198,0.0,0.8945318398425545,0.8900122050390739,2882,54498,0327
spec-0497-51989-0014.fits,0.10627983,0.7953248432362096,3.885790810235314,0.7087610750077711,2.43360696042496,-1.2292179729207682,0.20467515676379053,0.29123892499222886,0497,51989,0014
spec-0585-52027-0368.fits,0.10582748,0.8706758962622752,6.732510576899463,0.835517043038201,5.079657239091639,-1.3570154794379787,0.12932410373772474,0.16448295696179904,0585,52027,0368
spec-0526-52312-0198.fits,0.13706419,0.4711379661534723,0.8908523130820796,0.4367791761928138,0.7755025342286377,-0.4040035649687623,0.5288620338465277,0.5632208238071861,0526,52312,0198
spec-1394-53108-0107.fits,0.07890935,0.6764716786791526,2.090919508738422,0.6315408805348293,1.7140052916902406,-0.8214422930215435,0.3235283213208474,0.3684591194651708,1394,53108,0107
spec-2036-53446-0270.fits,0.12729956,0.3792750775879092,0.6110195738783526,0.3755004474490424,0.6012821721251793,-0.2769919490188994,0.6207249224120908,0.6244995525509577,2036,53446,0270
spec-1591-52976-0400.fits,0.048783887,0.3553239821135567,0.5511667446207769,0.3100585103107832,0.4493982677436151,-0.0052526035211136,0.6446760178864434,0.6899414896892165,1591,52976,0400
spec-2002-53471-0033.fits,0.07251495,0.3294204830104615,0.4912474578545779,0.2865145669872821,0.401570310661374,-0.4649130023840628,0.6705795169895384,0.713485433012718,2002,53471,0033
spec-0331-52368-0121.fits,0.019480279,0.6399804005354949,1.777626555574765,0.529487061890619,1.1253400682629648,-1.151233587469092,0.3600195994645052,0.47051293810938105,0331,52368,0121
spec-0956-52401-0148.fits,0.04250114,0.3106276367576566,0.4505948502151629,0.2657559673897317,0.361945014990395,-0.0057416213129425,0.6893723632423434,0.7342440326102684,0956,52401,0148
spec-1586-52945-0152.fits,0.09535042,0.195962822311555,0.2437235836220105,0.1886869336790988,0.2325698198535692,0.0,0.804037177688445,0.811313066320901,1586,52945,0152
spec-2786-54540-0316.fits,0.08440505,0.4107380019964574,0.6970379956421152,0.3857371425664229,0.6279675515105264,-0.0035136185324761,0.5892619980035425,0.614262857433577,2786,54540,0316
spec-6839-56425-0760.fits,0.12886837,0.6595626012924106,1.9373976061276568,0.6370801598514261,1.7554294071953054,-0.8313428212560213,0.34043739870758954,0.3629198401485739,6839,56425,0760
spec-0543-52017-0573.fits,0.13570552,0.6888141272439018,2.2135134900027467,0.634622025626294,1.736891849362565,-0.3706584286057415,0.3111858727560983,0.36537797437370595,0543,52017,0573
spec-1621-53383-0189.fits,0.074811935,0.3060867514738856,0.4411023310536583,0.2951064323677874,0.4186538875068342,-0.3877060165292624,0.6939132485261144,0.7048935676322127,1621,53383,0189
spec-1572-53177-0457.fits,0.04334568,0.4404898183008942,0.787277573686374,0.3839849223692612,0.6233368894899601,-0.5671820509504192,0.5595101816991057,0.616015077630739,1572,53177,0457
spec-0554-52000-0242.fits,0.101258114,0.70644455258831,2.406511474466265,0.6266082753140778,1.67815255102707,-0.7351525866529114,0.2935554474116899,0.37339172468592224,0554,52000,0242
spec-4224-55481-0892.fits,0.07926995,0.4086265553863134,0.6909788714866083,0.3794427098740849,0.6114547615693846,0.001193870441253,0.5913734446136866,0.6205572901259152,4224,55481,0892
spec-0948-52428-0259.fits,0.07480073,0.6734651482811177,2.0624602388871853,0.5480084050760098,1.2124305213422528,-1.2548114590727175,0.32653485171888236,0.4519915949239902,0948,52428,0259
spec-1158-52668-0147.fits,0.0557516,0.218128599810301,0.2789827070760975,0.2084333132789273,0.263317439674383,-0.0047581232381904,0.7818714001896989,0.7915666867210729,1158,52668,0147
spec-0534-51997-0047.fits,0.10764539,0.0812054833216126,0.0883826381715745,0.0788319430240094,0.0855782421318416,-0.2996002101152634,0.9187945166783876,0.9211680569759907,0534,51997,0047
spec-0336-51999-0611.fits,0.08692751,0.3916050259181737,0.6436690679589746,0.3666077935133646,0.5788006068892166,-0.1998320704032203,0.6083949740818264,0.6333922064866354,0336,51999,0611
spec-1694-53472-0306.fits,0.061384972,0.2136233116856596,0.2716551938277542,0.2242655898522675,0.2891009950294171,-0.005023620128159,0.7863766883143404,0.7757344101477327,1694,53472,0306
spec-0636-52176-0105.fits,0.0737937,0.5182279899628891,1.0756706059427776,0.4353680135961675,0.7710650903237819,-1.251123615643396,0.48177201003711095,0.5646319864038325,0636,52176,0105
spec-0848-52669-0429.fits,0.06540858,0.4176484167979988,0.7171757214114561,0.4194545492203447,0.722518019316196,-0.0051345440572684,0.5823515832020012,0.5805454507796554,0848,52669,0429
spec-1698-53146-0257.fits,0.06444281,0.6452174485899125,1.8186279060948405,0.5419107869941625,1.1829808945692348,-1.3691419235636306,0.35478255141008747,0.4580892130058376,1698,53146,0257
spec-1465-53082-0534.fits,0.08637511,0.6301108660430773,1.7035127777407488,0.5598730133456209,1.2720715391743869,-0.8821051198184706,0.3698891339569227,0.44012698665437916,1465,53082,0534
spec-0552-51992-0440.fits,0.1348224,0.3796818364520593,0.612075961600818,0.4620624053608363,0.8589516887563461,-0.1234587167500056,0.6203181635479407,0.5379375946391636,0552,51992,0440
spec-5870-56065-0802.fits,0.06630403,0.7712715243863071,3.371996085388743,0.7907051731708651,3.777948959132108,-0.3559234747281492,0.22872847561369292,0.20929482682913494,5870,56065,0802
spec-1645-53172-0108.fits,0.12714121,0.3807172134067866,0.6147711863608885,0.3560271372116532,0.5528604663092269,-0.5864287356924861,0.6192827865932132,0.6439728627883468,1645,53172,0108
spec-1695-53473-0464.fits,0.08432191,0.2270206371834012,0.2936955992669436,0.223799872776908,0.2883275394163708,-0.0023015960062894,0.7729793628165987,0.7762001272230917,1695,53473,0464
spec-2950-54559-0023.fits,0.04573886,0.4560160270384669,0.8382894528231134,0.4410439704040932,0.789049490570739,-0.0065712047178239,0.5439839729615331,0.5589560295959068,2950,54559,0023
spec-1646-53498-0128.fits,0.03013051,0.4229997093869852,0.7331013801354991,0.3790852280494852,0.6105269920679184,-0.0073929229406338,0.5770002906130148,0.6209147719505146,1646,53498,0128
spec-0616-52442-0063.fits,0.10721604,0.1016885593073363,0.1131996707388331,0.1070013105704116,0.1198224721234023,0.0,0.8983114406926634,0.8929986894295879,0616,52442,0063
spec-2123-53793-0066.fits,0.13128558,0.8457105331601076,5.481323842007364,0.7717291342475153,3.380760535093012,-1.36859580976439,0.15428946683989253,0.2282708657524847,2123,53793,0066
spec-2164-53886-0457.fits,0.049370345,0.6957605263579845,2.286884466466878,0.6292442196320461,1.6971932818081954,-1.0037283508773034,0.3042394736420155,0.37075578036795387,2164,53886,0457
spec-0817-52381-0116.fits,0.14360622,0.1963513751593536,0.2443249065451803,0.2236031995668684,0.2880011863033515,0.0,0.8036486248406465,0.7763968004331318,0817,52381,0116
spec-0407-51820-0329.fits,0.12804599,0.1331837848661087,0.1536470852077182,0.1297383860187372,0.1490797524955875,-0.3996825137681118,0.8668162151338908,0.870261613981263,0407,51820,0329
spec-1761-53376-0342.fits,0.11552751,0.6877779453806885,2.202848694398887,0.6418833118734165,1.7923859265852753,-1.1701962920240272,0.3122220546193115,0.35811668812658354,1761,53376,0342
spec-2503-53856-0560.fits,0.083949655,0.1587739852792495,0.1887411735976275,0.1417046697304717,0.1651001289800477,0.0,0.8412260147207504,0.8582953302695279,2503,53856,0560
spec-0465-51910-0294.fits,0.08872492,0.4245281083097657,0.737704333504235,0.4204024554106271,0.7253351214737623,-0.0050590322778673,0.5754718916902344,0.5795975445893728,0465,51910,0294
spec-0887-52376-0060.fits,0.026687264,0.2179778088949968,0.2787360913467079,0.2219540913050626,0.2852712016407354,0.0,0.782022191105003,0.7780459086949372,0887,52376,0060
spec-4426-56105-0004.fits,0.14025997,0.592140882629209,1.4518270094006127,0.5581784754114716,1.2633573611681936,-0.3155518252450045,0.40785911737079106,0.4418215245885285,4426,56105,0004
spec-1956-53437-0030.fits,0.088786475,0.1622094883270077,0.1936158097602347,0.1490387189055569,0.1751415983508372,-0.1997172283032218,0.837790511672992,0.8509612810944435,1956,53437,0030
spec-2027-53433-0603.fits,0.11948449,0.7635589511970404,3.22938404757864,0.7173673363151984,2.538161467123357,-0.6778966910472048,0.23644104880295957,0.2826326636848016,2027,53433,0603
spec-1315-52791-0568.fits,0.014366001,0.3198078099843676,0.4701727168861166,0.2947708553986832,0.4179788337666113,-0.2112598832488628,0.6801921900156325,0.7052291446013166,1315,52791,0568
spec-2222-53799-0174.fits,0.022078881,0.0872840949186868,0.0956311755199563,0.09639585843676,0.1066793012590609,0.0,0.9127159050813128,0.9036041415632401,2222,53799,0174
spec-1929-53349-0432.fits,0.08441277,0.594258693358807,1.464624586237468,0.4945331158929348,0.9783689722157656,-0.8959645931685901,0.405741306641193,0.5054668841070651,1929,53349,0432
spec-0465-51910-0548.fits,0.038770944,0.6169223467749176,1.6104367915515991,0.5270113321629615,1.1142155573683543,-1.0280630519276746,0.3830776532250823,0.4729886678370387,0465,51910,0548
spec-1951-53389-0614.fits,0.078852445,0.4621118456589188,0.8591225553665719,0.4519023727417829,0.8244924813894239,-1.3443159459167917,0.5378881543410813,0.5480976272582171,1951,53389,0614
spec-7661-57286-0991.fits,0.06599909,0.3719300245228771,0.592179277858864,0.2977477592577167,0.4239897603502071,-1.5354028005564426,0.628069975477123,0.7022522407422834,7661,57286,0991
spec-0936-52705-0611.fits,0.098947346,0.1671510749793278,0.2006979536837116,0.1600303391120803,0.1905191896370573,0.0,0.8328489250206719,0.8399696608879198,0936,52705,0611
spec-2273-53709-0577.fits,0.097144015,0.3159881319835238,0.4619629377189584,0.2990572603573109,0.4266500577632885,-0.2650665226477756,0.6840118680164763,0.7009427396426888,2273,53709,0577
spec-0591-52022-0338.fits,0.07854756,0.5929168661746321,1.4565006921386825,0.5471057287843608,1.2080208639333043,-0.0059404908159484,0.4070831338253678,0.4528942712156393,0591,52022,0338
spec-1192-52649-0336.fits,0.07725906,0.3899138144525494,0.6391126756995272,0.3017182575971483,0.4320867055164696,-1.071820961996534,0.6100861855474506,0.6982817424028518,1192,52649,0336
spec-1567-53172-0397.fits,0.081831306,0.3550631922589789,0.5505395071226219,0.3318790605206573,0.496735008454137,-0.0043085558295188,0.6449368077410211,0.6681209394793428,1567,53172,0397
spec-0456-51910-0257.fits,0.12174676,0.4179451089160222,0.718051021163435,0.3257585796457051,0.4831482756940803,-1.3121035139581276,0.5820548910839778,0.6742414203542948,0456,51910,0257
spec-0502-51957-0217.fits,0.10005352,0.5435664194349495,1.190899273366415,0.4458053546169006,0.8044201767931692,-0.9512639075440412,0.4564335805650504,0.5541946453830994,0502,51957,0217
spec-2127-53859-0411.fits,0.07320009,0.3367508282086093,0.507728984114776,0.3147277524778524,0.4592740383342032,-0.0998363876123919,0.6632491717913906,0.6852722475221475,2127,53859,0411
spec-0443-51873-0514.fits,0.04320633,0.5330463623591721,1.1415402288164236,0.4329623263937247,0.7635512533764269,-1.4445654382345616,0.466953637640828,0.5670376736062751,0443,51873,0514
spec-2233-53845-0010.fits,0.062409233,0.4317965804884326,0.7599330902647661,0.3925542348163452,0.6462375035204349,-0.0070401513794505,0.5682034195115673,0.6074457651836546,2233,53845,0010
spec-0537-52027-0439.fits,0.07876631,0.2381187909274594,0.3125405746879204,0.2336195259904969,0.3048349141363955,0.0,0.7618812090725404,0.7663804740095028,0537,52027,0439
spec-1233-52734-0522.fits,0.11828962,0.2464696934735031,0.3270866365145147,0.2754534472098036,0.3801735666936026,0.0,0.7535303065264968,0.7245465527901964,1233,52734,0522
spec-2025-53431-0310.fits,0.11783584,0.2049609707394202,0.257799885535233,0.1767693402965574,0.2147263810123837,-0.5873115079316179,0.7950390292605798,0.8232306597034426,2025,53431,0310
spec-1192-52649-0183.fits,0.056749366,0.6813792980298232,2.138528017220932,0.5985100490350511,1.4907223645238945,-0.9435974066485502,0.31862070197017656,0.40148995096494894,1192,52649,0183
spec-1220-52723-0539.fits,0.034052934,0.2583878973660152,0.3484138088473725,0.2540742180407031,0.340615948912954,-0.1917747953194163,0.7416121026339849,0.7459257819592969,1220,52723,0539
spec-0911-52426-0119.fits,0.11169276,0.8559409679098829,5.941598770248877,0.7956494961758714,3.893552897039275,-1.4555187770149247,0.14405903209011706,0.20435050382412862,0911,52426,0119
spec-2023-53851-0315.fits,0.07446658,0.8415440228330511,5.310901096185231,0.7704519346610799,3.3563860951018385,-1.3394859205837466,0.15845597716694895,0.22954806533892014,2023,53851,0315
spec-0486-51910-0268.fits,0.122657314,0.3440746268888823,0.524563679030898,0.2713849338911443,0.3724668161756062,-1.011101979980941,0.6559253731111176,0.7286150661088557,0486,51910,0268
spec-1625-53140-0463.fits,0.09310087,0.2622762791724469,0.3555210057204537,0.2978628860253969,0.4242232465668675,-0.0034417810513927,0.7377237208275531,0.7021371139746033,1625,53140,0463
spec-1795-54507-0428.fits,0.1476286,0.6161471415905587,1.6051649169519486,0.570918079800028,1.3305572966904635,-1.038917665332236,0.38385285840944117,0.429081920199972,1795,54507,0428
spec-2126-53794-0531.fits,0.07580423,0.632700412833988,1.7225731662693649,0.5398549917400841,1.1732279652051418,-1.2168847342435305,0.3672995871660121,0.4601450082599157,2126,53794,0531
spec-1168-52731-0417.fits,0.1034359,0.2219638261793031,0.2852872830954721,0.1545078342359117,0.1827430702403728,-2.0827211421644938,0.778036173820697,0.8454921657640881,1168,52731,0417
spec-0349-51699-0074.fits,0.11857643,0.6042400461942363,1.5267842043735262,0.5479009082835837,1.2119044659069125,-0.965763674596293,0.3957599538057636,0.4520990917164163,0349,51699,0074
spec-1187-52708-0070.fits,0.112336926,0.2603831583011877,0.3520514185468228,0.269428742429021,0.368791872985565,0.0,0.7396168416988121,0.7305712575709791,1187,52708,0070
spec-6424-56272-0238.fits,0.13309307,0.7803696142909944,3.5531040560340656,0.7534073150306169,3.055270334252452,-0.9561554471589312,0.21963038570900567,0.24659268496938314,6424,56272,0238
spec-2343-53735-0398.fits,0.08194796,0.3894746593474712,0.6379336506019573,0.3479438211482903,0.5336101894794245,-0.0043157706578709,0.6105253406525287,0.6520561788517096,2343,53735,0398
spec-0948-52428-0454.fits,0.07118206,0.7269042320470234,2.6617191379259544,0.64643607296941,1.8283428357596017,-0.8610540654382899,0.27309576795297663,0.3535639270305901,0948,52428,0454
spec-0456-51910-0133.fits,0.14823312,0.6288859784038701,1.694589645788873,0.6503841961680215,1.8602825988970133,-1.0350293243407729,0.37111402159613,0.34961580383197854,0456,51910,0133
spec-2293-53730-0254.fits,0.057049245,0.3337232732715554,0.5008778783407385,0.335693027637125,0.5053281714673228,-0.1707754348373366,0.6662767267284446,0.6643069723628751,2293,53730,0254
spec-0287-52023-0621.fits,0.05048371,0.3767020802223584,0.6043692242013979,0.368339131218925,0.5831279875381773,-0.0072805078680586,0.6232979197776416,0.6316608687810751,0287,52023,0621
spec-0284-51943-0472.fits,0.12866084,0.5337877865976569,1.1449459521923673,0.5049630383386554,1.020051182933894,-1.3150015025274815,0.46621221340234315,0.4950369616613447,0284,51943,0472
spec-1867-53317-0549.fits,0.12697244,0.6711810618322193,2.041187364608992,0.6511692150242595,1.8667194613272025,0.0,0.32881893816778063,0.3488307849757405,1867,53317,0549
spec-1430-53002-0598.fits,0.05478683,0.4497097487117188,0.817222815884719,0.4074617784499788,0.6876548442463325,0.0,0.5502902512882812,0.5925382215500213,1430,53002,0598
spec-0472-51955-0617.fits,0.086979896,0.3119697667188512,0.4534245032098342,0.2947764351746332,0.4179900529098573,-0.0044087455531617,0.6880302332811488,0.7052235648253666,0472,51955,0617
spec-1642-53115-0080.fits,0.12633559,0.585727948037883,1.4138727081967015,0.5482243251619064,1.2134879226474022,-0.2634586181898815,0.41427205196211697,0.45177567483809355,1642,53115,0080
spec-2423-54149-0523.fits,0.06543322,0.3854507154578729,0.6272087937504556,0.3694720457696691,0.5859725065174534,-0.4901308687782814,0.6145492845421269,0.6305279542303308,2423,54149,0523
spec-0958-52410-0279.fits,0.029232875,0.3270195708140028,0.485927311748945,0.302324460612574,0.4333310307510871,-0.0067837914534982,0.6729804291859971,0.6976755393874261,0958,52410,0279
spec-1438-53054-0127.fits,0.12197913,0.1893033537605155,0.2335070147861377,0.241129643252935,0.31774813854444,0.0,0.8106966462394842,0.7588703567470649,1438,53054,0127
spec-1031-53172-0231.fits,0.1284721,0.5756531905981543,1.3565630230838508,0.5208822964044938,1.0871697966816256,-0.3307980239145902,0.4243468094018456,0.47911770359550615,1031,53172,0231
spec-0326-52375-0152.fits,0.14026904,0.5139001475348507,1.0571905029979298,0.4610231800716519,0.8553673609431676,-0.4889732281314198,0.4860998524651493,0.538976819928348,0326,52375,0152
spec-0635-52145-0473.fits,0.14308164,0.6288563922197323,1.6943748431524686,0.7052487294642548,2.39269105840454,0.0,0.37114360778026767,0.29475127053574507,0635,52145,0473
spec-1832-54259-0386.fits,0.08070237,0.5857674632022534,1.4141029763875366,0.5739144273159694,1.3469463978813554,-0.2929562608615573,0.4142325367977467,0.4260855726840306,1832,54259,0386
spec-2482-54175-0182.fits,0.13206811,0.3581503842828213,0.5579973493987958,0.3229372163475995,0.4769679033390694,-0.3916366668383785,0.6418496157171786,0.6770627836524006,2482,54175,0182
spec-2215-53793-0147.fits,0.120917864,0.53501773683295,1.1506196670575777,0.4912830413475709,0.9657296321493982,-0.2856219864570921,0.46498226316704994,0.508716958652429,2215,53793,0147
spec-0640-52200-0255.fits,0.116713084,0.1444263541229402,0.1688064549661144,0.1376266886149961,0.1595906167295025,0.0,0.8555736458770598,0.8623733113850041,0640,52200,0255
spec-2955-54562-0638.fits,0.13924561,0.5217965350655701,1.091160088388564,0.5523135856853957,1.233706380237097,0.0,0.47820346493442994,0.44768641431460426,2955,54562,0638
spec-1328-52786-0033.fits,0.13107115,0.6900067493696846,2.22587668591713,0.6424356774690442,1.7966996061622618,-0.5206423659675967,0.30999325063031535,0.35756432253095577,1328,52786,0033
spec-2490-54179-0270.fits,0.027427185,0.1973301889863637,0.2458422956472837,0.2118990509102966,0.2688729802381925,-0.610922744699683,0.8026698110136363,0.7881009490897034,2490,54179,0270
spec-0858-52316-0104.fits,0.08193932,0.8167021793213114,4.4556022340982855,0.7646110455185355,3.24828769983234,-1.1298742451612034,0.1832978206786885,0.23538895448146446,0858,52316,0104
spec-1719-53876-0630.fits,0.1425149,0.5102943847969881,1.0420431560406775,0.4188971498080621,0.7208657635557987,-1.7149223821016957,0.48970561520301187,0.5811028501919377,1719,53876,0630
spec-1451-53117-0633.fits,0.07875661,0.0816955808533707,0.0889635061642081,0.0949302983467508,0.1048872790386707,-0.0001297164522857,0.9183044191466293,0.9050697016532493,1451,53117,0633
spec-0293-51689-0057.fits,0.1220383,0.552786327960097,1.2360675948001296,0.4570419027511799,0.8417627530872469,-1.346117792172409,0.4472136720399031,0.54295809724882,0293,51689,0057
spec-1648-53171-0180.fits,0.0706815,0.3330032369033208,0.4992576506028006,0.3167961236955461,0.4636919295732645,-0.0050786770353119,0.6669967630966791,0.6832038763044538,1648,53171,0180
spec-2295-53734-0201.fits,0.09009543,0.7167143305565603,2.530005601641132,0.6022943233387054,1.5144222440949675,-1.8379291278464809,0.28328566944343964,0.39770567666129464,2295,53734,0201
spec-0769-54530-0298.fits,0.08548771,0.3971123215890234,0.6586837578696041,0.3439387286840404,0.5242478770224485,-0.991743330418032,0.6028876784109765,0.6560612713159596,0769,54530,0298
spec-2769-54527-0216.fits,0.055218436,0.0972848342730488,0.1077691368956961,0.1070862936816561,0.1199290512889466,0.0003338776172523,0.9027151657269513,0.8929137063183442,2769,54527,0216
spec-0421-51821-0405.fits,0.10899642,0.4231851932392026,0.7336586860792839,0.4612955459590943,0.8563054240573749,-0.3032213922786574,0.5768148067607973,0.5387044540409056,0421,51821,0405
spec-0271-51883-0277.fits,0.09443147,0.7301993837330467,2.7064407555339063,0.6633424899419649,1.970377817585634,-0.4081074484561876,0.26980061626695334,0.3366575100580351,0271,51883,0277
spec-1351-52790-0589.fits,0.1488106,0.1251992304334255,0.1431174214620962,0.1267025814863853,0.1450852582411591,0.0,0.8748007695665744,0.8732974185136142,1351,52790,0589
spec-1318-52781-0124.fits,0.08115846,0.3001436611228297,0.4288646747193456,0.2978572652073624,0.4242118453241962,-0.5099242086927297,0.6998563388771702,0.7021427347926373,1318,52781,0124
spec-1625-53140-0116.fits,0.14033194,0.7655988208573289,3.2661901431448768,0.6812067838838143,2.1368296106889084,-1.0612589618899997,0.2344011791426711,0.3187932161161858,1625,53140,0116
spec-0837-52642-0329.fits,0.11588789,0.2818121262858812,0.3923933229733966,0.2820760718134144,0.3929052379211185,0.0,0.7181878737141189,0.7179239281865856,0837,52642,0329
spec-0780-52370-0097.fits,0.09848351,0.6371874155180013,1.756243974909906,0.5550387242402468,1.247386580534544,-0.981233530532753,0.3628125844819986,0.44496127575975314,0780,52370,0097
spec-2244-53795-0465.fits,0.056152254,0.2860018650106304,0.4005638824461194,0.2517125965083245,0.3363849175247071,-0.0130875589943266,0.7139981349893698,0.7482874034916756,2244,53795,0465
spec-0910-52377-0588.fits,0.14507683,0.7554506741516245,3.0891545970566945,0.6558612882864249,1.9058050314092383,-1.5126585329376976,0.24454932584837544,0.34413871171357513,0910,52377,0588
spec-0903-52400-0475.fits,0.14574164,0.1934046481208334,0.2397790263361283,0.1931539582488467,0.239393822679766,-0.0633952398859047,0.8065953518791669,0.8068460417511535,0903,52400,0475
spec-2786-54540-0384.fits,0.05830778,0.1490143950529705,0.1751080090975759,0.1440277306012207,0.1682621455743927,0.0,0.8509856049470291,0.8559722693987794,2786,54540,0384
spec-0777-52320-0126.fits,0.09839882,0.3706278317905154,0.5888850039952086,0.3810108403163394,0.615537177599456,-0.0033939490483483,0.6293721682094845,0.6189891596836605,0777,52320,0126
spec-0916-52378-0532.fits,0.13954777,0.5263077635489156,1.1110753418549313,0.4741410803059411,0.9016507328273394,-0.7906319356557215,0.4736922364510845,0.5258589196940587,0916,52378,0532
spec-1322-52791-0419.fits,0.040452234,0.4054197907739924,0.6818588719960019,0.3506437590519125,0.5399867390817062,-1.1087414435954543,0.5945802092260076,0.6493562409480874,1322,52791,0419
spec-1031-53172-0138.fits,0.08790665,0.4074814612299709,0.687710906186725,0.3522627593827297,0.5438358909965343,0.0,0.5925185387700291,0.6477372406172703,1031,53172,0138
spec-0587-52026-0023.fits,0.066232346,0.3728680618645968,0.5945607920610981,0.3610483178105194,0.565063568771466,-0.0050260139705573,0.627131938135403,0.6389516821894804,0587,52026,0023
spec-2792-54556-0394.fits,0.11637164,0.7413771284500712,2.866634045190946,0.6689870243441998,2.021029607733075,-1.2447517766966565,0.2586228715499289,0.3310129756558002,2792,54556,0394
spec-0511-52636-0126.fits,0.05791176,0.421176131118552,0.7276412631919563,0.4769594869242026,0.9118977880305864,0.0,0.5788238688814479,0.5230405130757974,0511,52636,0126
spec-1170-52756-0300.fits,0.07159909,0.3860960685856464,0.6289193615296322,0.3246353309571194,0.480681542635609,-1.2879503431121035,0.6139039314143535,0.6753646690428806,1170,52756,0300
spec-2023-53851-0162.fits,0.12768307,0.3301839054225673,0.492947106072258,0.2765981820426186,0.3823575987459215,-0.4332993567750143,0.6698160945774327,0.7234018179573815,2023,53851,0162
spec-2028-53818-0366.fits,0.059379414,0.2152412605420234,0.2742769844024776,0.2389516771489235,0.3139770103608548,-0.0046981979107673,0.7847587394579765,0.7610483228510762,2028,53818,0366
spec-0848-52669-0049.fits,0.024887623,0.2476022576045747,0.3290842644161557,0.2421484331751608,0.319519604860998,0.0,0.7523977423954252,0.757851566824839,0848,52669,0049
spec-0840-52374-0537.fits,0.0827744,0.3643651138742815,0.5732302015314745,0.3146588543685538,0.4591273358885226,-0.6977787059930235,0.6356348861257185,0.685341145631446,0840,52374,0537
spec-1196-52733-0006.fits,0.10794149,0.6131797388863951,1.5851799932121724,0.591668377421575,1.4489898521340654,-0.4147779135222989,0.38682026111360496,0.4083316225784249,1196,52733,0006
spec-1747-53075-0337.fits,0.100427166,0.0,0.0,0.0,0.0,-1.5000000000686136,,,1747,53075,0337
spec-2886-54498-0147.fits,0.074055016,0.414961921504749,0.7092904492166612,0.3711767552062479,0.5902720013602396,-0.0040088948712805,0.5850380784952511,0.6288232447937521,2886,54498,0147
spec-0430-51877-0236.fits,0.09389244,0.7171435467539409,2.5353621546335807,0.659132578057187,1.933691915467853,-0.3757789070903575,0.282856453246059,0.340867421942813,0430,51877,0236
spec-1775-53847-0640.fits,0.14472,0.5700711809158142,1.325966428885026,0.491038198090464,0.9647839901701352,-0.94918328010668,0.4299288190841858,0.508961801909536,1775,53847,0640
spec-2574-54084-0382.fits,0.062956266,0.5611682593580045,1.278777735031279,0.5135271012133177,1.0556129693845466,-0.0058305737625247,0.43883174064199537,0.48647289878668226,2574,54084,0382
spec-1602-53117-0639.fits,0.096003614,0.6218595535893238,1.644520070497718,0.6749672043850669,2.076612617222483,-0.0032112819868075,0.3781404464106762,0.32503279561493326,1602,53117,0639
spec-1724-53859-0626.fits,0.07067119,0.3297295726685932,0.491935134273144,0.3131303140854481,0.4558802353732091,-0.0043606922924099,0.6702704273314067,0.6868696859145519,1724,53859,0626
spec-1233-52734-0055.fits,0.064018674,0.1565120810652137,0.1855534353863275,0.1478801224697076,0.1735438010181268,-1.118756839561501,0.8434879189347863,0.8521198775302922,1233,52734,0055
spec-1709-53533-0597.fits,0.1452939,0.3474744708301095,0.5325070902162997,0.3653106142876154,0.5755738515740033,-0.3684941263310242,0.6525255291698904,0.6346893857123846,1709,53533,0597
spec-0569-52264-0634.fits,0.1193935,0.1308565493538233,0.1505580571958935,0.1204342265015849,0.1369246395554544,-0.385650401585774,0.8691434506461766,0.8795657734984149,0569,52264,0634
spec-0503-51999-0253.fits,0.12600946,0.4479725463990526,0.8115041081324291,0.3553716162517319,0.5512813664601325,-1.294463228490035,0.5520274536009473,0.6446283837482681,0503,51999,0253
spec-0429-51820-0040.fits,0.1093134,0.4460951864498319,0.8053643433619092,0.4388514272370016,0.7820592415947405,-0.1323207406901828,0.5539048135501682,0.5611485727629985,0429,51820,0040
spec-2518-54243-0218.fits,0.092002444,0.6440917840214595,1.8097131650939329,0.5494209820208928,1.2193665485914147,-0.9870048567921886,0.35590821597854044,0.45057901797910715,2518,54243,0218
spec-1223-52781-0594.fits,0.14538552,0.1790980459354983,0.2181722738613749,0.1773107820364984,0.2155258366888731,0.0002774969001071,0.820901954064502,0.8226892179635017,1223,52781,0594
spec-1814-54555-0262.fits,0.1374488,0.3310898215538834,0.4949690290600864,0.2953155098686198,0.4190747973090222,-0.3727101115586222,0.6689101784461164,0.7046844901313802,1814,54555,0262
spec-1759-53081-0148.fits,0.13025104,0.715308022647261,2.512568247615141,0.6489766381401574,1.8488132376764208,-0.6435197933891567,0.28469197735273905,0.35102336185984256,1759,53081,0148
spec-1073-52649-0409.fits,0.03993604,0.4702931661042336,0.8878366976038976,0.5078910311911085,1.032070259602088,-1.1167121549726835,0.5297068338957664,0.49210896880889143,1073,52649,0409
spec-1743-53054-0462.fits,0.14761184,0.3035933538106355,0.4359426428105678,0.2993642201763387,0.4272750961300945,0.0,0.6964066461893643,0.7006357798236614,1743,53054,0462
spec-0923-52404-0214.fits,0.1238132,0.3836066413593594,0.6223406465724162,0.3626782715561763,0.5690662272597291,-0.0033390034055842,0.6163933586406405,0.6373217284438236,0923,52404,0214
spec-2524-54568-0146.fits,0.1070355,0.8243456803653398,4.692999762715086,0.8189529468577496,4.523425996966051,-2.280525874762909,0.17565431963466013,0.1810470531422504,2524,54568,0146
spec-1815-53884-0248.fits,0.058820195,0.2928190513527353,0.4140652430086754,0.2591577471786576,0.349815019583062,-0.299792817184027,0.7071809486472648,0.7408422528213422,1815,53884,0248
spec-0910-52377-0189.fits,0.10828804,0.2158129882398355,0.2752060222923455,0.2286039570488966,0.2963509589371684,0.0,0.784187011760164,0.7713960429511033,0910,52377,0189
spec-1230-52672-0131.fits,0.077657536,0.6188052120969423,1.6233307267944903,0.5227023725485435,1.095128788591569,-0.9790415137949996,0.3811947879030577,0.4772976274514564,1230,52672,0131
spec-0735-52519-0461.fits,0.11621713,0.4198956631519198,0.7238278297200245,0.4363743805495186,0.7742273691798663,-1.5400389314738323,0.58010433684808,0.5636256194504813,0735,52519,0461
spec-2754-54240-0017.fits,0.11006677,0.8661889644332115,6.473225177312638,0.7985731631151456,3.964581758147995,-1.5661715062398816,0.1338110355667884,0.20142683688485444,2754,54240,0017
spec-0850-52338-0585.fits,0.04879481,0.3432892662403247,0.5227404526723514,0.2806652154762805,0.3901732844215401,-0.7846705133844359,0.6567107337596753,0.7193347845237196,0850,52338,0585
spec-1706-53442-0164.fits,0.13878714,0.4591270805942561,0.8488631323947557,0.3842719054292552,0.6240935062369545,-1.1473225668216454,0.540872919405744,0.6157280945707448,1706,53442,0164
spec-2531-54572-0062.fits,0.10549235,0.555418258539551,1.249305148508809,0.5067397453474909,1.02732734001542,-0.5508649867829016,0.4445817414604489,0.49326025465250917,2531,54572,0062
spec-0289-51990-0074.fits,0.14859365,0.3071998027851356,0.4434176029685235,0.3356714722254873,0.5052793282112692,0.0,0.6928001972148645,0.6643285277745128,0289,51990,0074
spec-1715-54212-0140.fits,0.1464353,0.5405083719789991,1.1763182156483063,0.5420061708252054,1.1834355318755776,0.0,0.45949162802100096,0.45799382917479453,1715,54212,0140
spec-0741-52261-0083.fits,0.07851409,0.4437232997972354,0.7976665203405012,0.399748633154234,0.6659687178304237,-0.0058664105342048,0.5562767002027645,0.6002513668457659,0741,52261,0083
spec-1195-52724-0393.fits,0.10521355,0.4069881121820515,0.686306835567173,0.3880828665373837,0.6342082045347611,-0.2995624673021319,0.5930118878179483,0.6119171334626163,1195,52724,0393
spec-1350-52786-0074.fits,0.014634519,0.0668003063247452,0.0715820062709869,0.0666180595017711,0.0713727752930501,1.417018468667992,0.9331996936752557,0.9333819404982283,1350,52786,0074
spec-1805-53875-0587.fits,0.14431088,0.4820989099368292,0.9308706221839104,0.5508556056828514,1.226455484366755,-0.5017555060922222,0.5179010900631708,0.4491443943171487,1805,53875,0587
spec-2135-53827-0296.fits,0.09574435,0.4929136817807286,0.9720508404006784,0.4883267384061446,0.9543722040213974,0.0,0.5070863182192714,0.5116732615938552,2135,53827,0296
spec-1006-52708-0061.fits,0.14946854,0.4641837735966257,0.8663115275780731,0.4859297508883795,0.9452594304535782,-0.7657456251602502,0.5358162264033741,0.5140702491116205,1006,52708,0061
spec-0552-51992-0274.fits,0.14752412,0.8714842933960723,6.781150074378834,0.8876669963756946,7.902103279855956,-0.9632444150667762,0.12851570660392764,0.11233300362430539,0552,51992,0274
spec-1376-53089-0303.fits,0.085701786,0.6704795205612945,2.034712748971984,0.6127329363320817,1.5821973873241657,-0.9907708223729564,0.32952047943870544,0.3872670636679183,1376,53089,0303
spec-0849-52439-0137.fits,0.10240205,0.21413498111222,0.2724831567325407,0.2072301333017158,0.2614001137111641,-0.3244013336271518,0.78586501888778,0.7927698666982838,0849,52439,0137
spec-1041-52724-0084.fits,0.10322659,0.2788792488070421,0.3867303060488679,0.232802448350078,0.3034452441218263,-1.4384146385778795,0.7211207511929579,0.767197551649922,1041,52724,0084
spec-0476-52314-0523.fits,0.050264116,0.7665404877100837,3.283397965631713,0.6893490755846792,2.219047237287672,-1.6275951758014182,0.23345951228991646,0.3106509244153209,0476,52314,0523
spec-1280-52738-0601.fits,0.05513978,0.4695788776153005,0.8852944534036261,0.4161609714623769,0.7128008768183253,-0.3939656790173048,0.5304211223846996,0.583839028537623,1280,52738,0601
spec-0840-52374-0505.fits,0.14912395,0.4058396573806644,0.6830473666275575,0.4803131751650024,0.9242358132082792,0.0,0.5941603426193355,0.5196868248349974,0840,52374,0505
spec-1195-52724-0101.fits,0.07803164,0.7603941420943913,3.1735206674034804,0.7056863479643557,2.39773569144149,-0.7835184567970253,0.23960585790560884,0.29431365203564436,1195,52724,0101
spec-0284-51943-0356.fits,0.12707593,0.2811993912241514,0.3912063899097793,0.2968203575486144,0.4221117046475577,0.0,0.7188006087758487,0.7031796424513854,0284,51943,0356
spec-2004-53737-0466.fits,0.14474997,0.8237651541908881,4.674246743933642,0.7800682364851689,3.546864827610791,-1.4941641317005965,0.17623484580911178,0.21993176351483118,2004,53737,0466
spec-1683-53436-0341.fits,0.05361078,0.4374920184326829,0.7777525524414749,0.4259320732170444,0.7419541370373082,-0.0076791226195328,0.5625079815673171,0.5740679267829556,1683,53436,0341
spec-1223-52781-0471.fits,0.050147813,0.8307511749732878,4.9084605157062215,0.8108357331606884,4.2864106773900605,-0.8254201890794154,0.16924882502671218,0.18916426683931173,1223,52781,0471
spec-1832-54259-0085.fits,0.0769651,0.4311310051263475,0.7578739727625745,0.447091385591678,0.8086171456563739,-0.1052350051730731,0.5688689948736523,0.5529086144083221,1832,54259,0085
spec-2234-53823-0238.fits,0.08142967,0.6034437586514264,1.5217104050595398,0.5922498891357711,1.4524824723664544,-1.1037170716584686,0.3965562413485735,0.40775011086422897,2234,53823,0238
spec-2364-53737-0458.fits,0.08180236,0.8672034670063824,6.530317075733153,0.8095768513658788,4.251462372998561,-1.455872748857674,0.13279653299361766,0.19042314863412124,2364,53737,0458
spec-6760-56425-0390.fits,0.03013034,0.4017226539114105,0.6714655945738013,0.3318205494501487,0.4966039425143805,-1.3037586931109515,0.5982773460885893,0.6681794505498513,6760,56425,0390
spec-1655-53523-0151.fits,0.07090563,0.6762240616241726,2.08855563824893,0.6513178595684771,1.86794155491422,-0.6096926921860192,0.32377593837582747,0.3486821404315228,1655,53523,0151
spec-6420-56304-0818.fits,0.14663003,0.501322128015341,1.005302533317066,0.4657113260308923,0.8716473859930999,-0.9193165814210564,0.4986778719846588,0.5342886739691077,6420,56304,0818
spec-0564-52224-0322.fits,0.060387,0.7465224695674778,2.9451228607665816,0.7268720735270225,2.661288001243393,-0.7722593404876879,0.25347753043252214,0.27312792647297746,0564,52224,0322
spec-0878-52353-0598.fits,0.10700596,0.4087681085415609,0.691383726837231,0.4967126129759029,0.9869363424999176,0.0,0.5912318914584391,0.5032873870240971,0878,52353,0598
spec-2158-54209-0194.fits,0.10946804,0.3494084097117731,0.5370625979917405,0.3254034605582825,0.4823675212262131,-0.8423646255534891,0.6505915902882269,0.6745965394417174,2158,54209,0194
spec-2784-54529-0010.fits,0.098310724,0.4715026599273244,0.8921571106913919,0.6031824288590015,1.5200496972062687,-0.287084992369274,0.5284973400726758,0.39681757114099836,2784,54529,0010
spec-1768-53442-0386.fits,0.05808372,0.3372431287568455,0.5088489359970991,0.3611362050199631,0.5652788714239909,0.0,0.6627568712431543,0.6388637949800368,1768,53442,0386
spec-0847-52426-0351.fits,0.09178376,0.3903233215177406,0.6402136333792836,0.4057973730428831,0.6829275984876607,0.0,0.6096766784822594,0.5942026269571168,0847,52426,0351
spec-1790-53876-0542.fits,0.082325526,0.3521569370478327,0.5435837121463997,0.3815861787400167,0.6170401851021967,0.0,0.6478430629521671,0.618413821259983,1790,53876,0542
spec-1750-53358-0163.fits,0.09880807,0.3992046217838048,0.6644602076818102,0.3805821397861947,0.6144190605915507,-0.4823307332390785,0.6007953782161952,0.6194178602138053,1750,53358,0163
spec-2751-54243-0611.fits,0.14319426,0.7218061146086323,2.5946153115234147,0.6586151341166063,1.929245259341896,-0.6192897369216656,0.2781938853913676,0.34138486588339373,2751,54243,0611
spec-1225-52760-0218.fits,0.14732191,0.5456500075093369,1.200946443331459,0.4707739183190428,0.8895516200254997,-0.9263678650512268,0.45434999249066305,0.5292260816809571,1225,52760,0218
spec-1765-53466-0182.fits,0.14296663,0.6159204507047602,1.6036273002166683,0.5531182816106803,1.2377285953971562,-1.2637924397815057,0.3840795492952398,0.44688171838931984,1765,53466,0182
spec-0422-51811-0224.fits,0.07671486,0.4856904419456699,0.9443542985727732,0.466832617743012,0.8755836033457831,-0.1890850487863467,0.5143095580543301,0.5331673822569879,0422,51811,0224
spec-1773-53112-0411.fits,0.12476571,0.4673036498633812,0.8772420718548822,0.4478828920097245,0.8112099508019831,-0.5959779335580864,0.5326963501366188,0.5521171079902754,1773,53112,0411
spec-1725-54266-0399.fits,0.13597333,0.2650735524295555,0.3606803827863979,0.2488080693913189,0.33121770782297,0.0,0.7349264475704445,0.7511919306086811,1725,54266,0399
spec-0841-52375-0364.fits,0.1090797,0.5190349055903772,1.0791529606269756,0.5296832187635705,1.126226492218863,0.0,0.48096509440962276,0.4703167812364296,0841,52375,0364
spec-2267-53713-0034.fits,0.08355059,0.2556443697486354,0.3434438584985323,0.2305723188564475,0.2996673040327355,-0.4724777478517419,0.7443556302513643,0.7694276811435521,2267,53713,0034
spec-0943-52376-0640.fits,0.08424621,0.2668958717383362,0.3640627046681616,0.2556037807304352,0.343370605752465,-0.0037225331857733,0.7331041282616638,0.7443962192695648,0943,52376,0640
spec-0852-52375-0377.fits,0.1158,0.6063075538200512,1.5400538153656125,0.5558326492067245,1.2514036617369932,0.0,0.3936924461799488,0.44416735079327546,0852,52375,0377
spec-0952-52409-0035.fits,0.061078362,0.4582689891356949,0.8459345689008079,0.5739854180107219,1.347337490962147,-0.2627367174150004,0.5417310108643052,0.42601458198927816,0952,52409,0035
spec-1756-53080-0305.fits,0.099400766,0.2340600680983262,0.3055854099644635,0.2374262093636255,0.3113485046024087,-0.0192279308505762,0.7659399319016736,0.7625737906363744,1756,53080,0305
spec-1438-53054-0165.fits,0.13642386,0.5491428956522729,1.2179976545933326,0.569719429728655,1.3240649685143269,-0.8102102638925412,0.450857104347727,0.430280570271345,1438,53054,0165
spec-0522-52024-0173.fits,0.048130803,0.9079698742497868,9.866007102002524,0.85784938724612,6.034792046457112,-1.8485684689680453,0.09203012575021301,0.14215061275388,0522,52024,0173
spec-2781-54266-0369.fits,0.08271975,0.5712093088384235,1.3321401807745423,0.5199954139581661,1.0833134288280462,-1.1774402292917991,0.4287906911615765,0.480004586041834,2781,54266,0369
spec-0678-52884-0468.fits,0.11284942,0.4969811754314796,0.9879971705984965,0.5181917797041369,1.0755146090822854,0.0,0.5030188245685204,0.4818082202958631,0678,52884,0468
spec-1039-52707-0044.fits,0.023667818,0.2531801170554741,0.3390109487407427,0.2225741626138077,0.2862963281000941,0.0,0.7468198829445257,0.7774258373861923,1039,52707,0044
